topology,n,p,alpha,best_known_cost,gurobi_certified,instance_file
ring,10,5,0.2,553104.47,1,instances/10_100_5.dat
ring,10,5,0.4,935456.48,1,instances/10_100_5.dat
ring,10,5,0.6,1304212.11,1,instances/10_100_5.dat
ring,10,5,0.8,1608624.09,1,instances/10_100_5.dat
ring,10,5,1.0,1819576.48,1,instances/10_100_5.dat
ring,20,5,0.2,1226460.61,1,instances/20_100_5.dat
ring,20,5,0.4,1858643.85,1,instances/20_100_5.dat
ring,20,5,0.6,2420802.78,1,instances/20_100_5.dat
ring,20,5,0.8,2829147.91,1,instances/20_100_5.dat
ring,20,5,1.0,3064714.87,1,instances/20_100_5.dat
ring,30,5,0.2,1788595.23,1,instances/30_100_5.dat
ring,30,5,0.4,2652500.44,1,instances/30_100_5.dat
ring,30,5,0.6,3363318.86,1,instances/30_100_5.dat
ring,30,5,0.8,3897976.35,1,instances/30_100_5.dat
ring,30,5,1.0,4154922.32,1,instances/30_100_5.dat
ring,40,5,0.2,2260281.95,1,instances/40_100_5.dat
ring,40,5,0.4,3266616.48,1,instances/40_100_5.dat
ring,40,5,0.6,4089440.83,1,instances/40_100_5.dat
ring,40,5,0.8,4637372.86,1,instances/40_100_5.dat
ring,40,5,1.0,4929745.11,1,instances/40_100_5.dat
ring,50,5,0.2,2652973.40,1,instances/50_100_5.dat
ring,50,5,0.4,3695479.04,1,instances/50_100_5.dat
ring,50,5,0.6,4491026.83,1,instances/50_100_5.dat
ring,50,5,0.8,5135770.88,1,instances/50_100_5.dat
ring,50,5,1.0,5480018.18,1,instances/50_100_5.dat
ring,100,5,0.2,5933130.52,0,instances/100_100_5.dat
ring,100,5,0.4,7873053.89,0,instances/100_100_5.dat
ring,100,5,0.6,9401859.29,0,instances/100_100_5.dat
ring,100,5,0.8,10520266.24,0,instances/100_100_5.dat
ring,100,5,1.0,11006043.49,1,instances/100_100_5.dat
ring,150,5,0.2,8687605.95,0,instances/150_100_5.dat
ring,150,5,0.4,11361688.67,0,instances/150_100_5.dat
ring,150,5,0.6,13496851.73,0,instances/150_100_5.dat
ring,150,5,0.8,15094260.27,0,instances/150_100_5.dat
ring,150,5,1.0,15896224.45,1,instances/150_100_5.dat
ring,40,10,0.2,1959423.90,0,instances/40_100_10.dat
ring,40,10,0.4,3121715.85,0,instances/40_100_10.dat
ring,40,10,0.6,3994299.97,0,instances/40_100_10.dat
ring,40,10,0.8,4607389.13,0,instances/40_100_10.dat
ring,40,10,1.0,4876414.54,1,instances/40_100_10.dat
ring,50,10,0.2,2334498.53,0,instances/50_100_10.dat
ring,50,10,0.4,3588222.81,0,instances/50_100_10.dat
ring,50,10,0.6,4497635.81,0,instances/50_100_10.dat
ring,50,10,0.8,5088697.26,0,instances/50_100_10.dat
ring,50,10,1.0,5371720.54,1,instances/50_100_10.dat
ring,100,10,0.2,5337551.87,0,instances/100_100_10.dat
ring,100,10,0.4,7740218.12,0,instances/100_100_10.dat
ring,100,10,0.6,9297615.43,0,instances/100_100_10.dat
ring,100,10,0.8,10516468.87,0,instances/100_100_10.dat
ring,100,10,1.0,10934156.93,1,instances/100_100_10.dat
ring,150,10,0.2,7824995.89,0,instances/150_100_10.dat
ring,150,10,0.4,11405419.09,0,instances/150_100_10.dat
ring,150,10,0.6,13573343.30,0,instances/150_100_10.dat
ring,150,10,0.8,15141218.50,0,instances/150_100_10.dat
ring,150,10,1.0,15787892.58,1,instances/150_100_10.dat
tree,10,5,0.2,555341.89,1,instances/10_100_5.dat
tree,10,5,0.4,932069.96,1,instances/10_100_5.dat
tree,10,5,0.6,1302883.81,1,instances/10_100_5.dat
tree,10,5,0.8,1594801.15,1,instances/10_100_5.dat
tree,10,5,1.0,1819576.48,1,instances/10_100_5.dat
tree,20,5,0.2,1204528.99,1,instances/20_100_5.dat
tree,20,5,0.4,1792472.85,1,instances/20_100_5.dat
tree,20,5,0.6,2321895.02,1,instances/20_100_5.dat
tree,20,5,0.8,2814094.29,1,instances/20_100_5.dat
tree,20,5,1.0,3064714.87,1,instances/20_100_5.dat
tree,30,5,0.2,1715773.36,1,instances/30_100_5.dat
tree,30,5,0.4,2494418.32,1,instances/30_100_5.dat
tree,30,5,0.6,3228276.27,1,instances/30_100_5.dat
tree,30,5,0.8,3829388.26,1,instances/30_100_5.dat
tree,30,5,1.0,4154922.32,1,instances/30_100_5.dat
tree,40,5,0.2,2201701.67,1,instances/40_100_5.dat
tree,40,5,0.4,3143537.64,1,instances/40_100_5.dat
tree,40,5,0.6,4006522.58,1,instances/40_100_5.dat
tree,40,5,0.8,4631179.69,1,instances/40_100_5.dat
tree,40,5,1.0,4929745.11,1,instances/40_100_5.dat
tree,50,5,0.2,2566417.84,1,instances/50_100_5.dat
tree,50,5,0.4,3559569.03,1,instances/50_100_5.dat
tree,50,5,0.6,4412390.48,1,instances/50_100_5.dat
tree,50,5,0.8,5118759.82,1,instances/50_100_5.dat
tree,50,5,1.0,5480018.18,1,instances/50_100_5.dat
tree,100,5,0.2,5727556.99,0,instances/100_100_5.dat
tree,100,5,0.4,7880536.77,0,instances/100_100_5.dat
tree,100,5,0.6,9407989.37,0,instances/100_100_5.dat
tree,100,5,0.8,10554063.87,0,instances/100_100_5.dat
tree,100,5,1.0,11006043.49,1,instances/100_100_5.dat
tree,150,5,0.2,8443552.45,0,instances/150_100_5.dat
tree,150,5,0.4,11332218.04,0,instances/150_100_5.dat
tree,150,5,0.6,13504287.60,0,instances/150_100_5.dat
tree,150,5,0.8,15094877.29,0,instances/150_100_5.dat
tree,150,5,1.0,15896224.45,1,instances/150_100_5.dat
tree,40,10,0.2,1898597.71,0,instances/40_100_10.dat
tree,40,10,0.4,3004831.88,0,instances/40_100_10.dat
tree,40,10,0.6,3988341.81,0,instances/40_100_10.dat
tree,40,10,0.8,4599873.27,0,instances/40_100_10.dat
tree,40,10,1.0,4876414.54,1,instances/40_100_10.dat
tree,50,10,0.2,2240978.56,0,instances/50_100_10.dat
tree,50,10,0.4,3449514.38,0,instances/50_100_10.dat
tree,50,10,0.6,4452039.51,0,instances/50_100_10.dat
tree,50,10,0.8,5077329.46,0,instances/50_100_10.dat
tree,50,10,1.0,5371720.54,1,instances/50_100_10.dat
tree,100,10,0.2,4977155.69,0,instances/100_100_10.dat
tree,100,10,0.4,7564932.13,0,instances/100_100_10.dat
tree,100,10,0.6,9327873.24,0,instances/100_100_10.dat
tree,100,10,0.8,10597395.04,0,instances/100_100_10.dat
tree,100,10,1.0,10934156.93,1,instances/100_100_10.dat
tree,150,10,0.2,7524628.03,0,instances/150_100_10.dat
tree,150,10,0.4,11235464.26,0,instances/150_100_10.dat
tree,150,10,0.6,13661333.60,0,instances/150_100_10.dat
tree,150,10,0.8,15239511.60,0,instances/150_100_10.dat
tree,150,10,1.0,15787892.58,1,instances/150_100_10.dat
